Codice Univoco Submisura;Descrizione Submisura;Amministrazione Titolare;Importo Totale;Spesa dichiarata PNRR;Data di Estrazione
M4C1R1.07.00;Riforma della legislazione sugli alloggi per studenti e investimenti negli alloggi per studenti;MIN DELL'UNIVERSITA' E DELLA RICERCA;1.198.000.000,00; 68.344.112,00 € ;31/10/2024
M4C2I1.02.00;Finanziamento di progetti presentati da giovani ricercatori;MIN DELL'UNIVERSITA' E DELLA RICERCA;210.000.000,00; 15.083.266,59 € ;31/10/2024
M4C2I1.03.00;Partenariati estesi a università, centri di ricerca, imprese e finanziamento progetti di ricerca di base;MIN DELL'UNIVERSITA' E DELLA RICERCA;1.610.000.000,00; 380.626.199,05 € ;31/10/2024
M4C2I1.04.00;"Potenziamento strutture di ricerca e creazione di ""campioni nazionali di R&S"" su alcune Key Enabling Technologies";MIN DELL'UNIVERSITA' E DELLA RICERCA;1.600.000.000,00; 363.892.719,21 € ;31/10/2024
M4C2I1.05.00;"Creazione e rafforzamento di ""ecosistemi dell'innovazione"", costruzione di ""leader territoriali di R&S""";MIN DELL'UNIVERSITA' E DELLA RICERCA;1.242.800.752,17; 370.178.396,27 € ;31/10/2024
M5C1I2.01.00;Servizio civile universale;PCM - DIP POL GIOVAN E SERV CIV UNIVERS;650.000.000,00; 437.996.458,41 € ;31/10/2024
M1C1I1.01.00;Infrastrutture digitali;PCM - DIPARTIM. TRASFORMAZIONE DIGITALE;900.000.000,00; 3.806.811,98 € ;31/10/2024
M1C1I1.04.01;Esperienza dei cittadini - Miglioramento della qualità e dell'utilizzabilità dei servizi pubblici digitali;PCM - DIPARTIM. TRASFORMAZIONE DIGITALE;813.000.000,00; 97.497.753,10 € ;31/10/2024
M1C1I1.05.00;Cybersecurity;PCM - DIPARTIM. TRASFORMAZIONE DIGITALE;623.000.000,00; 107.705.225,24 € ;31/10/2024
M1C1I1.06.02;Digitalizzazione del Ministero della Giustizia;PCM - DIPARTIM. TRASFORMAZIONE DIGITALE;133.203.200,00; 20.967.099,43 € ;31/10/2024
M1C1I1.06.03;Digitalizzazione dell'Istituto Nazionale per la Previdenza Sociale (INPS) e dell'istituto nazionale per l'assicurazione contro gli Infortuni sul Lavoro (INAIL);PCM - DIPARTIM. TRASFORMAZIONE DIGITALE;296.000.000,00; 184.158.191,32 € ;31/10/2024
M1C1I1.06.06;Digitalizzazione della Guardia di Finanza;PCM - DIPARTIM. TRASFORMAZIONE DIGITALE;25.000.000,00; 7.572.162,72 € ;31/10/2024
M1C2I3.01.01;Piano Italia a 1 Gbps;PCM - DIPARTIM. TRASFORMAZIONE DIGITALE;3.519.437.571,00; 1.045.435.434,75 € ;31/10/2024
M1C2I3.01.02;Italia 5G - Corridoi 5G, Strade extraurbane (+ 5G Aree bianche);PCM - DIPARTIM. TRASFORMAZIONE DIGITALE;1.115.760.477,00; 327.366.321,08 € ;31/10/2024
M1C2I3.01.03;Scuola Connessa;PCM - DIPARTIM. TRASFORMAZIONE DIGITALE;261.000.000,00; 23.023.945,20 € ;31/10/2024
M1C2I3.01.04;Sanità Connessa;PCM - DIPARTIM. TRASFORMAZIONE DIGITALE;335.164.346,25; 20.161.294,26 € ;31/10/2024
M1C2I3.01.05;Collegamento isole minori;PCM - DIPARTIM. TRASFORMAZIONE DIGITALE;60.500.000,00; 18.395.336,70 € ;31/10/2024
M2C1I2.02.00;Parco Agrisolare;MIN AGRIC. SOVRANITA' ALIM. E FORESTE;2.350.000.000,00; 146.917.047,11 € ;31/10/2024
M2C1I3.02.00;Green communities;PCM - DIP AFFARI REGIONALI E AUTONOMIE;135.000.000,00; 5.151.963,80 € ;31/10/2024
M2C4I2.01.02;Misure per la gestione del rischio di alluvione e per la riduzione del rischio idrogeologico;PCM - DIP PROTEZIONE CIVILE;1.200.000.000,00; 467.696.416,06 € ;31/10/2024
M2C4I4.03.00;Investimenti nella resilienza dell'agrosistema irriguo per una migliore gestione delle risorse idriche;MIN AGRIC. SOVRANITA' ALIM. E FORESTE;880.000.000,00; 345.847.822,50 € ;31/10/2024
M4C2I3.01.00;Fondo per la realizzazione di un sistema integrato di infrastrutture di ricerca e innovazione;MIN DELL'UNIVERSITA' E DELLA RICERCA;1.578.069.857,17; 227.717.975,46 € ;31/10/2024
M5C2I3.01.00;Progetto Sport e inclusione sociale;PCM - DIPARTIMENTO PER LO SPORT;700.000.000,00; 142.403.798,89 € ;31/10/2024
M1C2I4.01.02;Osservatorio della Terra;MINISTERO IMPRESE E DEL MADE IN ITALY;797.000.000,00; 340.404.540,81 € ;31/10/2024
M1C2I4.01.04;In-Orbit Economy;MINISTERO IMPRESE E DEL MADE IN ITALY;300.000.000,00; 34.604.670,31 € ;31/10/2024
M1C2I5.01.02;Competitività e resilienza delle filiere produttive;MINISTERO IMPRESE E DEL MADE IN ITALY;750.000.000,00; 1.684.584,80 € ;31/10/2024
M1C2I6.01.00;Investimento nel sistema della proprietà industriale;MINISTERO IMPRESE E DEL MADE IN ITALY;30.000.000,00; 7.979.064,45 € ;31/10/2024
M1C3I4.01.00;Hub del Turismo Digitale;MINISTERO DEL TURISMO;114.000.000,00; 66.783.322,51 € ;31/10/2024
M1C3I4.02.01;Miglioramento delle infrastrutture di ricettività attraverso lo strumento del Tax credit;MINISTERO DEL TURISMO;598.000.000,00; 73.193.136,01 € ;31/10/2024
M1C3I4.02.03;Sviluppo e resilienza delle imprese del settore turistico (Fondo dei Fondi BEI);MINISTERO DEL TURISMO;805.000.000,00; 73.623.818,41 € ;31/10/2024
M1C3I4.02.06;Valorizzazione, competitività e tutela del patrimonio ricettivo attraverso la partecipazione del Min. Turismo nel Fondo Nazionale Turismo;MINISTERO DEL TURISMO;150.000.000,00; 3.336.588,01 € ;31/10/2024
M1C3I4.03.01;Roman Cultural Heritage for EU-Next Generation;MINISTERO DEL TURISMO;163.393.422,20; 960.941,64 € ;31/10/2024
M1C3I4.03.03;La città condivisa;MINISTERO DEL TURISMO;75.802.701,10; 500.222,58 € ;31/10/2024
M1C3I4.03.05;Roma 4.0;MINISTERO DEL TURISMO;23.047.527,90; 651.104,46 € ;31/10/2024
M2C2I3.03.00;Sperimentazione dell'idrogeno per il trasporto stradale;MINISTERO INFRASTRUTTURE E TRASPORTI;230.000.000,00; 6.062.587,85 € ;31/10/2024
M2C2I3.04.00;Sperimentazione dell'idrogeno per il trasporto ferroviario;MINISTERO INFRASTRUTTURE E TRASPORTI;300.000.000,00; 4.901.099,87 € ;31/10/2024
M2C2I4.01.01;Ciclovie Turistiche;MINISTERO INFRASTRUTTURE E TRASPORTI;266.572.404,20; 11.963.727,09 € ;31/10/2024
M2C2I4.01.02;Ciclovie Urbane;MINISTERO INFRASTRUTTURE E TRASPORTI;200.000.000,00; 41.875.465,43 € ;31/10/2024
M2C2I4.02.00;Sviluppo trasporto rapido di massa;MINISTERO INFRASTRUTTURE E TRASPORTI;3.600.000.000,00; 601.267.358,31 € ;31/10/2024
M2C2I4.04.01;Potenziamento del parco autobus regionale per il trasporto pubblico con autobus a pianale ribassato a zero emissioni;MINISTERO INFRASTRUTTURE E TRASPORTI;2.415.000.000,00; 228.014.891,71 € ;31/10/2024
M2C2I4.04.02;Potenziamento del parco ferroviario regionale per il trasporto pubblico con treni a zero emissioni e servizio universale;MINISTERO INFRASTRUTTURE E TRASPORTI;962.000.000,00; 253.736.170,97 € ;31/10/2024
M2C2I4.04.03;Rinnovo del parco veicoli dei Vigili del Fuoco;MINISTERO DELL'INTERNO;424.000.000,00; 44.013.181,62 € ;31/10/2024
M2C3I1.02.00;Costruzione di edifici, riqualificazione e rafforzamento dei beni immobili dell'amministrazione della giustizia;MINISTERO DELLA GIUSTIZIA;411.739.000,00; 99.782.807,22 € ;31/10/2024
M2C4I4.01.00;Investimenti in infrastrutture idriche primarie per la sicurezza dell'approvvigionamento idrico;MINISTERO INFRASTRUTTURE E TRASPORTI;2.000.000.000,00; 478.643.581,65 € ;31/10/2024
M2C4I4.02.00;Riduzione delle perdite nelle reti di distribuzione dell'acqua, compresa la digitalizzazione e il monitoraggio delle reti;MINISTERO INFRASTRUTTURE E TRASPORTI;1.924.000.000,00; 227.123.413,91 € ;31/10/2024
M3C1I1.01.01;Collegamenti ferroviari ad Alta Velocità con il Mezzogiorno per passeggeri e merci (Napoli - Bari);MINISTERO INFRASTRUTTURE E TRASPORTI;1.254.000.000,00; 651.017.364,27 € ;31/10/2024
M3C1I1.01.02;Collegamenti ferroviari ad Alta Velocità con il Mezzogiorno per passeggeri e merci (Palermo-Catania);MINISTERO INFRASTRUTTURE E TRASPORTI;799.000.000,00; 51.386.045,27 € ;31/10/2024
M3C1I1.01.03;Collegamenti ferroviari ad Alta Velocità con il Mezzogiorno per passeggeri e merci (Salerno-Reggio Calabria);MINISTERO INFRASTRUTTURE E TRASPORTI;1.800.000.000,00; 11.671.525,30 € ;31/10/2024
M3C1I1.02.01;Linee di collegamento ad Alta Velocità con l’Europa nel Nord (Brescia-Verona-Vicenza - Padova);MINISTERO INFRASTRUTTURE E TRASPORTI;4.470.000.000,00; 3.046.379.384,81 € ;31/10/2024
M3C1I1.02.02;Linee di collegamento ad Alta Velocità con l’Europa nel Nord (Liguria-Alpi);MINISTERO INFRASTRUTTURE E TRASPORTI;4.260.000.000,00; 2.432.117.065,73 € ;31/10/2024
M3C1I1.03.02;Collegamenti diagonali (Orte-Falconara);MINISTERO INFRASTRUTTURE E TRASPORTI;474.000.000,00; 83.176.571,95 € ;31/10/2024
M3C1I1.03.03;Collegamenti diagonali (Taranto-Metaponto-Potenza-Battipaglia);MINISTERO INFRASTRUTTURE E TRASPORTI;414.000.000,00; 54.458.887,57 € ;31/10/2024
M3C1I1.05.00;Potenziamento dei nodi ferroviari metropolitani e dei collegamenti nazionali chiave;MINISTERO INFRASTRUTTURE E TRASPORTI;2.970.422.500,81; 1.138.388.102,69 € ;31/10/2024
M3C1I1.06.00;Potenziamento delle linee regionali: Miglioramento delle ferrovie regionali (gestione RFI);MINISTERO INFRASTRUTTURE E TRASPORTI;936.000.000,00; 196.278.668,83 € ;31/10/2024
M3C1I1.07.00;Potenziamento, elettrificazione e aumento della resilienza delle ferrovie nel Sud;MINISTERO INFRASTRUTTURE E TRASPORTI;2.400.000.000,00; 542.047.979,17 € ;31/10/2024
M3C1I1.08.00;Miglioramento delle stazioni ferroviarie (gestite da RFI nel Sud);MINISTERO INFRASTRUTTURE E TRASPORTI;345.000.000,00; 41.022.615,29 € ;31/10/2024
M3C1I1.09.00;Collegamenti interregionali;MINISTERO INFRASTRUTTURE E TRASPORTI;203.000.000,00; 89.344.439,59 € ;31/10/2024
M3C2I2.01.02;Rete di porti e interporti;MINISTERO INFRASTRUTTURE E TRASPORTI;45.000.000,00; 997.229,50 € ;31/10/2024
M4C2I2.03.00;Potenziamento ed estensione tematica e territoriale dei centri di trasferimento tecnologico per segmenti di industria;MINISTERO IMPRESE E DEL MADE IN ITALY;350.000.000,00; 45.450.233,18 € ;31/10/2024
M4C2I3.02.00;Finanziamento di start-up;MINISTERO IMPRESE E DEL MADE IN ITALY;400.000.000,00; 14.356.253,02 € ;31/10/2024
M5C1I1.02.00;Creazione di imprese femminili;MINISTERO IMPRESE E DEL MADE IN ITALY;400.000.000,00; 65.829.385,24 € ;31/10/2024
M5C1I1.03.00;Sistema di certificazione della parità di genere;PCM - DIP PARI OPPORTUNITA E FAMIGLIA;10.000.000,00; 330.882,91 € ;31/10/2024
M5C2I2.01.00;Investimenti in progetti di rigenerazione urbana, volti a ridurre situazioni di emarginazione e degrado sociale;MINISTERO DELL'INTERNO;2.000.000.000,00; 451.452.247,96 € ;31/10/2024
M5C2I2.02.02;Piani urbani integrati - Fondo di fondi della BEI;MINISTERO DELL'INTERNO;272.000.000,00; 30.792.031,80 € ;31/10/2024
M5C2I2.02.03;Piani urbani integrati - progetti generali;MINISTERO DELL'INTERNO;900.000.000,00; 90.701.268,67 € ;31/10/2024
M5C2I2.03.01;Social housing - Piano innovativo per la qualità abitativa (PinQuA) - Riqualificazione e incremento dell'edilizia sociale, ristrutturazione e rigenerazione della società urbana, miglioramento dell'accessibilità e sicurezza urbana, mitigazione della carenza abitativa e aumento della qualità ambientale, utilizzo di modelli e strumenti innovativi per la gestione, l'inclusione e il benessere urbano;MINISTERO INFRASTRUTTURE E TRASPORTI;2.144.692.040,76; 284.735.347,72 € ;31/10/2024
M5C2I2.03.02;Social housing - Piano innovativo per la qualità abitativa (PinQuA) -  Interventi ad alto impatto strategico sul territorio nazionale;MINISTERO INFRASTRUTTURE E TRASPORTI;655.307.959,24; 76.443.708,63 € ;31/10/2024
M5C3I1.03.00;Interventi socio-educativi strutturati per combattere la povertà educativa nel Mezzogiorno a sostegno del Terzo Settore;PCM - DIP POLITICHE DI COESIONE;220.000.000,00; 13.798.171,00 € ;31/10/2024
M5C3I1.04.01;Investimenti infrastrutturali per Zone Economiche Speciali - Soggetto attuatore RFI;MINISTERO INFRASTRUTTURE E TRASPORTI;69.700.000,00; 500.891,74 € ;31/10/2024
M5C3I1.04.02;Investimenti infrastrutturali per Zone Economiche Speciali - Soggetto attuatore Anas;MINISTERO INFRASTRUTTURE E TRASPORTI;6.000.000,00; 4.181,18 € ;31/10/2024
M5C3I1.04.03;Investimenti infrastrutturali per Zone Economiche Speciali - Soggetto attuatore AdSP;MINISTERO INFRASTRUTTURE E TRASPORTI;186.708.000,00; 30.562.730,24 € ;31/10/2024
M5C3I1.04.04;Investimenti infrastrutturali per ZES - Soggetto attuatore Struttura di missione ZES unica;MINISTERO INFRASTRUTTURE E TRASPORTI;301.092.000,00; 5.277.356,89 € ;31/10/2024
M6C1I1.01.00;Case della Comunità e presa in carico della persona;MINISTERO DELLA SALUTE;2.000.000.000,00; 224.156.035,49 € ;31/10/2024
M6C1I1.02.01;Casa come primo luogo di cura  (Adi);MINISTERO DELLA SALUTE;2.970.000.000,00; 417.969.647,59 € ;31/10/2024
M6C1I1.02.02;Implementazione delle Centrali operative territoriali (COT);MINISTERO DELLA SALUTE;280.000.000,00; 74.706.705,59 € ;31/10/2024
M6C1I1.02.03;Telemedicina per un migliore supporto ai pazienti cronici;MINISTERO DELLA SALUTE;1.500.000.000,00; 74.692.505,49 € ;31/10/2024
M6C1I1.03.00;Rafforzamento dell'assistenza sanitaria intermedia e delle sue strutture (Ospedali di Comunità).;MINISTERO DELLA SALUTE;1.000.000.000,00; 85.713.125,25 € ;31/10/2024
M6C2I1.01.01;Ammodernamento del parco tecnologico e digitale ospedaliero (Digitalizzazione);MINISTERO DELLA SALUTE;2.863.255.000,00; 569.621.689,14 € ;31/10/2024
M6C2I1.01.02;Ammodernamento del parco tecnologico e digitale ospedaliero (grandi apparecchiature);MINISTERO DELLA SALUTE;1.189.155.000,00; 438.314.097,70 € ;31/10/2024
M6C2I1.02.00;Verso un ospedale sicuro e sostenibile;MINISTERO DELLA SALUTE;888.851.083,58; 198.505.861,26 € ;31/10/2024
M6C2I1.03.01;Rafforzamento dell'infrastruttura tecnologica e degli strumenti per la raccolta, l’elaborazione, l’analisi dei dati e la simulazione (FSE);MINISTERO DELLA SALUTE;1.379.989.999,93; 134.202.764,18 € ;31/10/2024
M6C2I1.03.02;Rafforzamento dell'infrastruttura tecnologica e degli strumenti per la raccolta, l'elaborazione, l'analisi dei dati e la simulazione (Potenziamento, modello predittivo, SDK ...);MINISTERO DELLA SALUTE;292.550.000,00; 63.600.913,87 € ;31/10/2024
M6C2I2.01.00;Rafforzamento e potenziamento della ricerca biomedica del SSN;MINISTERO DELLA SALUTE;524.140.000,00; 26.778.661,30 € ;31/10/2024
M6C2I2.02.02;Sviluppo delle competenze tecniche-professionali, digitali e manageriali del personale del sistema sanitario: Sub-misura: corso di formazione in infezioni ospedaliere;MINISTERO DELLA SALUTE;80.026.994,00; 2.724.417,07 € ;31/10/2024
M1C1I3.00.01;Investimento in capitale umano per rafforzare l’Ufficio del Processo e superare le disparità tra tribunali;MINISTERO DELLA GIUSTIZIA;2.268.050.053,73; 979.412.170,95 € ;31/10/2024
M1C1R3.01.05;Digitalizzazione della giustizia;MINISTERO DELLA GIUSTIZIA;36.000.000,00; -   € ;31/10/2024
M1C3I1.01.03;Servizi di infrastruttura cloud;MINISTERO DELLA CULTURA;25.000.000,00; 9.316.558,47 € ;31/10/2024
M1C3I1.01.05;Digitalizzazione;MINISTERO DELLA CULTURA;200.000.000,00; 9.503.689,16 € ;31/10/2024
M1C3I1.01.06;Formazione e miglioramento delle competenze digitali;MINISTERO DELLA CULTURA;20.000.000,00; 2.486.937,61 € ;31/10/2024
M1C3I1.02.00;Rimozione delle barriere fisiche e cognitive in musei, biblioteche e archivi per consentire un più ampio accesso e partecipazione alla cultura;MINISTERO DELLA CULTURA;300.000.000,00; 41.243.905,11 € ;31/10/2024
M1C3I1.03.00;Migliorare l'efficienza energetica nei cinema, nei teatri e nei musei;MINISTERO DELLA CULTURA;300.000.000,00; 146.398.965,61 € ;31/10/2024
M1C3I2.01.00;Attrattività dei borghi;MINISTERO DELLA CULTURA;1.020.000.000,00; 78.491.858,99 € ;31/10/2024
M1C3I2.02.00;Tutela e valorizzazione dell'architettura e del paesaggio rurale;MINISTERO DELLA CULTURA;600.000.000,00; 34.984.521,66 € ;31/10/2024
M1C3I2.03.00;Programmi per valorizzare l'identità dei luoghi: parchi e giardini storici;MINISTERO DELLA CULTURA;300.000.000,00; 66.753.654,98 € ;31/10/2024
M1C3I2.04.00;Sicurezza sismica nei luoghi di culto, restauro del patrimonio culturale del Fondo Edifici di Culto (FEC) e siti di ricovero per le opere d’arte (Recovery Art);MINISTERO DELLA CULTURA;800.000.000,00; 12.624.736,24 € ;31/10/2024
M1C3I3.02.00;Sviluppo industria cinematografica (Progetto Cinecittà);MINISTERO DELLA CULTURA;230.000.000,00; 28.606.036,64 € ;31/10/2024
M1C3I3.03.01;Interventi per migliorare l'ecosistema in cui operano i settori culturali e creativi, incoraggiando la cooperazione tra operatori culturali e organizzazioni e facilitando upskill e reskill;MINISTERO DELLA CULTURA;10.000.000,00; 365.276,33 € ;31/10/2024
M1C3I3.03.02;Sostegno ai settori culturali e creativi per l'innovazione e la transizione digitale;MINISTERO DELLA CULTURA;115.000.000,00; 3.750.477,18 € ;31/10/2024
M1C3I3.03.03;Promuovere la riduzione dell'impronta ecologica degli eventi culturali;MINISTERO DELLA CULTURA;10.000.000,00; 408.775,36 € ;31/10/2024
M1C3I3.03.04;Promuovere l'innovazione e l'eco-progettazione inclusiva;MINISTERO DELLA CULTURA;20.000.000,00; 642.621,53 € ;31/10/2024
M1C1I1.02.00;Abilitazione al cloud per le PA locali;PCM - DIPARTIM. TRASFORMAZIONE DIGITALE;1.000.000.000,00; 115.314.122,00 € ;31/10/2024
M1C1I1.03.01;Piattaforma Digitale Nazionale Dati;PCM - DIPARTIM. TRASFORMAZIONE DIGITALE;556.000.000,00; 85.549.181,43 € ;31/10/2024
M1C1I1.03.02;Sportello digitale unico;PCM - DIPARTIM. TRASFORMAZIONE DIGITALE;90.000.000,00; 39.101.849,12 € ;31/10/2024
M1C1I1.04.02;Inclusione dei cittadini -  Miglioramento dell'accessibilità dei servizi pubblici digitali;PCM - DIPARTIM. TRASFORMAZIONE DIGITALE;80.000.000,00; 6.459.904,50 € ;31/10/2024
M1C1I1.04.03;"Rafforzamento dell'adozione dei servizi della piattaforma PagoPA e dell'applicazione ""IO""";PCM - DIPARTIM. TRASFORMAZIONE DIGITALE;561.000.000,00; 109.703.047,25 € ;31/10/2024
M1C1I1.04.04;Rafforzamento dell'adozione delle piattaforme nazionali di identità digitale (SPID, CIE) e dell'Anagrafe nazionale (ANPR);PCM - DIPARTIM. TRASFORMAZIONE DIGITALE;285.000.000,00; 49.828.854,32 € ;31/10/2024
M1C1I1.04.05;Digitalizzazione degli avvisi pubblici;PCM - DIPARTIM. TRASFORMAZIONE DIGITALE;245.000.000,00; 104.316.500,64 € ;31/10/2024
M1C1I1.04.06;Mobilità come servizio per l'Italia;PCM - DIPARTIM. TRASFORMAZIONE DIGITALE;40.000.000,00; 4.697.401,80 € ;31/10/2024
M1C1I1.07.01;Servizio Civile Digitale;PCM - DIPARTIM. TRASFORMAZIONE DIGITALE;60.000.000,00; 29.297.259,13 € ;31/10/2024
M1C1I1.07.02;Rete dei servizi di facilitazione digitale;PCM - DIPARTIM. TRASFORMAZIONE DIGITALE;135.000.000,00; 5.743.646,23 € ;31/10/2024
M2C2I2.01.00;Rafforzamento smart grid;MIN AMBIENTE E SICUREZZA ENERGETICA;3.610.000.000,00; 1.058.334.072,66 € ;31/10/2024
M2C2I2.02.00;Interventi su resilienza climatica delle reti;MIN AMBIENTE E SICUREZZA ENERGETICA;500.000.000,00; 200.523.003,25 € ;31/10/2024
M1C1I3.00.02;Rafforzamento dell'Ufficio del processo per la Giustizia amministrativa;GIUST AMM.VA (CONSIGLIO DI STATO E TAR);41.800.000,00; 21.389.268,20 € ;31/10/2024
M5C1I1.01.00;Potenziamento dei Centri per l'Impiego (PES);MINISTERO DEL LAVORO E POLITICHE SOCIALI;600.000.000,00; 47.764.611,26 € ;31/10/2024
M5C1I1.04.00;Sistema duale;MINISTERO DEL LAVORO E POLITICHE SOCIALI;600.000.000,00; 113.182.176,84 € ;31/10/2024
M5C1R1.01.00;ALMPs e formazione professionale;MINISTERO DEL LAVORO E POLITICHE SOCIALI;5.454.000.000,00; 181.917.674,78 € ;31/10/2024
M5C2I1.01.01;Intervento 1) Azioni volte a sostenere le capacità genitoriali e prevenire la vulnerabilità delle famiglie e dei bambini;MINISTERO DEL LAVORO E POLITICHE SOCIALI;84.600.000,00; 7.128.215,40 € ;31/10/2024
M5C2I1.01.02;Intervento 2) Azioni per una vita autonoma e deistituzionalizzazione per gli anziani;MINISTERO DEL LAVORO E POLITICHE SOCIALI;307.500.000,00; 8.213.292,81 € ;31/10/2024
M5C2I1.01.03;Intervento 3) Rafforzare i servizi sociali domiciliari per garantire una dimissione assistita precoce e prevenire il ricovero in ospedale;MINISTERO DEL LAVORO E POLITICHE SOCIALI;66.000.000,00; 2.495.379,23 € ;31/10/2024
M5C2I1.01.04;Intervento 4) Rafforzare i servizi sociali e prevenire il burn out tra gli assistenti sociali;MINISTERO DEL LAVORO E POLITICHE SOCIALI;42.000.000,00; 2.765.502,50 € ;31/10/2024
M5C2I1.02.00;Percorsi di autonomia per persone con disabilità;MINISTERO DEL LAVORO E POLITICHE SOCIALI;500.000.000,00; 19.051.883,86 € ;31/10/2024
M5C2I1.03.00;Housing First (innanzitutto la casa) e stazioni di posta;MINISTERO DEL LAVORO E POLITICHE SOCIALI;450.000.000,00; 12.343.673,59 € ;31/10/2024
M1C1I2.02.01;Assistenza tecnica a livello centrale e locale;PCM - DIPARTIMENTO FUNZIONE PUBBLICA;368.400.000,00; 124.414.758,55 € ;31/10/2024
M1C1I2.02.03;Digitalizzazione delle procedure (SUAP & SUE);PCM - DIPARTIMENTO FUNZIONE PUBBLICA;324.400.000,01; 20.868.117,50 € ;31/10/2024
M1C1I2.02.04;Monitoraggio e comunicazione delle azioni di semplificazione;PCM - DIPARTIMENTO FUNZIONE PUBBLICA;21.000.000,00; 2.710.011,66 € ;31/10/2024
M1C1I2.03.01;Investimenti in istruzione e formazione;PCM - DIPARTIMENTO FUNZIONE PUBBLICA;139.000.000,00; 15.019.289,55 € ;31/10/2024
M1C1R2.03.01;Riforma del mercato del lavoro della PA;PCM - DIPARTIMENTO FUNZIONE PUBBLICA;24.300.000,00; 4.401.524,00 € ;31/10/2024
M5C3I1.01.02;Strutture sanitarie di prossimità territoriale;PCM - DIP POLITICHE DI COESIONE;100.000.000,00; 18.627.017,00 € ;31/10/2024
M1C1I1.06.01;Digitalizzazione del Ministero dell'Interno;PCM - DIPARTIM. TRASFORMAZIONE DIGITALE;107.000.000,00; 37.574.309,27 € ;31/10/2024
M1C1I1.06.04;Digitalizzazione del Ministero della Difesa;PCM - DIPARTIM. TRASFORMAZIONE DIGITALE;42.500.000,00; 28.825.880,84 € ;31/10/2024
M1C1I1.06.05;Digitalizzazione del Consiglio di Stato;PCM - DIPARTIM. TRASFORMAZIONE DIGITALE;7.500.000,00; 1.685.097,35 € ;31/10/2024
M1C1R1.02.01;Ufficio Trasformazione;PCM - DIPARTIM. TRASFORMAZIONE DIGITALE;155.000.000,00; 48.229.235,30 € ;31/10/2024
M1C2I4.01.03;Space Factory;MINISTERO IMPRESE E DEL MADE IN ITALY;180.000.000,00; 69.283.850,74 € ;31/10/2024
M1C2I5.01.01;Rifinanziamento e ridefinizione del Fondo 394/81 gestito da SIMEST;MIN AFFARI ESTERI E COOPERAZ INT;1.200.000.000,00; 588.218.051,35 € ;31/10/2024
M1C3I1.01.01;Piano nazionale di digitalizzazione per i beni culturali;MINISTERO DELLA CULTURA;2.000.000,00; 193.725,44 € ;31/10/2024
M1C3I1.01.04;Infrastruttura digitale per il patrimonio culturale;MINISTERO DELLA CULTURA;73.000.000,00; 20.171.664,21 € ;31/10/2024
M1C3I1.01.09;Portale dei procedimenti e dei servizi ai cittadini;MINISTERO DELLA CULTURA;10.000.000,00; 1.942.725,56 € ;31/10/2024
M1C3I4.03.02;I percorsi Giubilari 2025;MINISTERO DEL TURISMO;165.312.294,60; 399.271,23 € ;31/10/2024
M2C1I1.01.00;Realizzazione nuovi impianti di gestione rifiuti e ammodernamento di impianti esistenti;MIN AMBIENTE E SICUREZZA ENERGETICA;1.500.000.000,00; 104.524.024,88 € ;31/10/2024
M2C1I1.02.00;"Progetti ""faro"" di economia circolare";MIN AMBIENTE E SICUREZZA ENERGETICA;600.000.000,00; 97.514.766,43 € ;31/10/2024
M2C1I2.01.00;Sviluppo logistica per i settori agroalimentare, pesca e acquacoltura, silvicoltura, floricoltura e vivaismo;MIN AGRIC. SOVRANITA' ALIM. E FORESTE;800.000.000,00; 12.366.941,08 € ;31/10/2024
M2C1I3.01.00;Isole verdi;MIN AMBIENTE E SICUREZZA ENERGETICA;200.000.000,00; 1.614.795,44 € ;31/10/2024
M2C1I3.03.00;Cultura e consapevolezza su temi e sfide ambientali;MIN AMBIENTE E SICUREZZA ENERGETICA;30.000.000,00; 1.263.207,40 € ;31/10/2024
M2C2I3.01.00;Produzione di idrogeno in aree industriali dismesse (hydrogen valleys);MIN AMBIENTE E SICUREZZA ENERGETICA;500.000.000,00; 9.539.926,94 € ;31/10/2024
M2C2I3.02.00;Utilizzo dell'idrogeno in settori hard-to-abate;MIN AMBIENTE E SICUREZZA ENERGETICA;1.000.000.000,00; 1.585.922,33 € ;31/10/2024
M2C2I5.04.00;Supporto a start-up e venture capital attivi nella transizione ecologica;MINISTERO IMPRESE E DEL MADE IN ITALY;250.000.000,00; 15.867.213,34 € ;31/10/2024
M2C3I3.01.00;Promozione di un teleriscaldamento efficiente;MIN AMBIENTE E SICUREZZA ENERGETICA;200.000.000,00; 12.751.049,31 € ;31/10/2024
M2C4I1.01.00;Realizzazione di un sistema avanzato ed integrato di monitoraggio e previsione;MIN AMBIENTE E SICUREZZA ENERGETICA;500.000.000,00; 7.928.598,04 € ;31/10/2024
M2C4I3.01.00;Tutela e valorizzazione del verde urbano ed extraurbano;MIN AMBIENTE E SICUREZZA ENERGETICA;210.000.000,00; 18.178.843,13 € ;31/10/2024
M2C4I3.02.01;Digitalizzazione dei parchi nazionali. Conservazione della natura - monitoraggio delle pressioni e delle minacce su specie e habitat e del cambiamento climatico;MIN AMBIENTE E SICUREZZA ENERGETICA;82.000.000,00; 304.944,80 € ;31/10/2024
M2C4I3.02.02;Digitalizzazione dei parchi nazionali. Servizi digitali ai visitatori dei parchi nazionali e delle aree marine protette;MIN AMBIENTE E SICUREZZA ENERGETICA;14.000.000,00; 2.448.123,74 € ;31/10/2024
M2C4I3.02.03;Digitalizzazione dei parchi nazionali. Semplificazione amministrativa - Digitalizzazione e semplificazione delle procedure per i servizi forniti dai Parchi e dalle Aree Marine Protette.;MIN AMBIENTE E SICUREZZA ENERGETICA;4.000.000,00; 956.862,23 € ;31/10/2024
M2C4I3.03.00;Rinaturazione dell'area del Po;MIN AMBIENTE E SICUREZZA ENERGETICA;357.000.000,00; 1.680.888,42 € ;31/10/2024
M2C4I3.04.00;"Bonifica del ""suolo dei siti orfani""";MIN AMBIENTE E SICUREZZA ENERGETICA;500.000.000,00; 2.087.388,24 € ;31/10/2024
M2C4I3.05.00;Ripristino e tutela dei fondali e degli habitat marini;MIN AMBIENTE E SICUREZZA ENERGETICA;400.000.000,00; 4.416.821,43 € ;31/10/2024
M2C4I4.04.00;Investimenti in fognatura e depurazione;MIN AMBIENTE E SICUREZZA ENERGETICA;600.000.000,00; 34.747.927,28 € ;31/10/2024
M3C1I1.04.00;Sviluppo del sistema europeo di gestione del traffico ferroviario (ERTMS);MINISTERO INFRASTRUTTURE E TRASPORTI;2.466.000.000,00; 472.377.086,85 € ;31/10/2024
M3C2I1.01.00;Porti verdi: interventi in materia di energia rinnovabile ed efficienza energetica nei porti;MIN AMBIENTE E SICUREZZA ENERGETICA;270.000.000,00; 2.055.298,04 € ;31/10/2024
M3C2I2.02.01;Digitalizzazione della manutenzione e gestione dei dati aeronautici;MINISTERO INFRASTRUTTURE E TRASPORTI;18.000.000,00; 11.479.465,45 € ;31/10/2024
M4C1I1.06.00;Orientamento attivo nella transizione scuola-università;MIN DELL'UNIVERSITA' E DELLA RICERCA;250.000.000,00; 101.634.083,71 € ;31/10/2024
M4C1I3.04.00;Didattica e competenze universitarie avanzate;MIN DELL'UNIVERSITA' E DELLA RICERCA;272.139.345,00; 8.627.177,39 € ;31/10/2024
M4C1I4.01.00;Estensione del numero di dottorati di ricerca e dottorati innovativi orientati alla ricerca, per la Pubblica Amministrazione e il patrimonio culturale;MIN DELL'UNIVERSITA' E DELLA RICERCA;504.000.000,00; 144.188.489,93 € ;31/10/2024
M4C2I3.03.00;Introduzione di dottorati innovativi che rispondono ai fabbisogni di innovazione delle imprese e promuovono l'assunzione dei ricercatori dalle imprese;MIN DELL'UNIVERSITA' E DELLA RICERCA;510.000.000,00; 41.557.972,63 € ;31/10/2024
M1C3I1.01.08;Polo di conservazione digitale;MINISTERO DELLA CULTURA;58.000.000,00; 12.653.126,79 € ;31/10/2024
M3C2I2.02.02;Ottimizzazione delle procedure di avvicinamento APT;MINISTERO INFRASTRUTTURE E TRASPORTI;16.000.000,00; 16.000.000,00 € ;31/10/2024
M4C2I1.01.00;Progetti di ricerca di rilevante interesse nazionale (PRIN);MIN DELL'UNIVERSITA' E DELLA RICERCA;1.800.000.000,00; 852.133.839,39 € ;31/10/2024
M6C2I2.02.01;Sviluppo delle competenze tecniche-professionali, digitali e manageriali del personale del sistema sanitario. Sub-misura: borse aggiuntive in formazione di medicina generale;MINISTERO DELLA SALUTE;101.973.006,00; -   € ;31/10/2024
M6C2I2.02.03;Sviluppo delle competenze tecniche-professionali, digitali e manageriali del personale del sistema sanitario: Sub-misura: corso di formazione manageriale;MINISTERO DELLA SALUTE;18.000.000,00; 240.000,00 € ;31/10/2024
M6C2I2.02.04;Sviluppo delle competenze tecniche-professionali, digitali e manageriali del personale del sistema sanitario. Sub-misure: contratti di formazione medico-specialistica.;MINISTERO DELLA SALUTE;537.600.000,00; -   € ;31/10/2024
M1C3I1.01.07;Supporto operativo;MINISTERO DELLA CULTURA;5.000.000,00; 655.219,31 € ;31/10/2024
M1C2I4.01.01;SatCom;MINISTERO IMPRESE E DEL MADE IN ITALY;210.000.000,00; 60.000.000,00 € ;31/10/2024
M2C3I1.01.00;Costruzione di nuove scuole mediante la sostituzione di edifici;MINISTERO DELL'ISTRUZIONE E MERITO;1.005.999.113,93; 191.714.453,78 € ;31/10/2024
M4C1I1.01.00;Piano per asili nido e scuole dell'infanzia e servizi di educazione e cura per la prima infanzia;MINISTERO DELL'ISTRUZIONE E MERITO;3.244.859.040,04; 816.667.516,39 € ;31/10/2024
M4C1I1.02.00;Piano di estensione del tempo pieno;MINISTERO DELL'ISTRUZIONE E MERITO;1.074.752.186,59; 102.223.309,21 € ;31/10/2024
M4C1I1.03.00;Potenziamento infrastrutture per lo sport a scuola;MINISTERO DELL'ISTRUZIONE E MERITO;300.000.000,00; 71.559.106,19 € ;31/10/2024
M4C1I1.04.00;Intervento straordinario finalizzato alla riduzione dei divari territoriali nei cicli I e II della scuola secondaria di secondo grado e alla riduzione dell'abbandono scolastico;MINISTERO DELL'ISTRUZIONE E MERITO;1.500.000.000,00; 249.236.298,52 € ;31/10/2024
M4C1I1.05.00;Sviluppo del sistema di formazione professionale terziaria (ITS);MINISTERO DELL'ISTRUZIONE E MERITO;1.500.000.000,00; 293.025.900,21 € ;31/10/2024
M4C1I1.07.00;Borse di studio per l'accesso all'università;MIN DELL'UNIVERSITA' E DELLA RICERCA;808.000.000,00; 519.490.810,96 € ;31/10/2024
M4C1I2.01.00;Didattica digitale integrata e formazione sulla transizione digitale del personale scolastico;MINISTERO DELL'ISTRUZIONE E MERITO;800.000.000,00; 267.909.205,25 € ;31/10/2024
M4C1I3.01.00;Nuove competenze e nuovi linguaggi;MINISTERO DELL'ISTRUZIONE E MERITO;1.100.000.000,00; 364.258.715,27 € ;31/10/2024
M4C1I3.02.00;Scuola 4.0 - scuole innovative,  nuove aule didattiche e laboratori;MINISTERO DELL'ISTRUZIONE E MERITO;2.100.000.000,00; 1.121.578.951,56 € ;31/10/2024
M4C1I3.03.00;Piano di messa in sicurezza e riqualificazione dell'edilizia scolastica;MINISTERO DELL'ISTRUZIONE E MERITO;4.399.000.000,00; 1.065.836.082,83 € ;31/10/2024
M1C1I1.10.00;Support to qualification and eProcurement;MINISTERO INFRASTRUTTURE E TRASPORTI;8.978.483,60; -   € ;31/10/2024
M1C1I2.01.01;Creazione di una piattaforma unica di reclutamento;PCM - DIPARTIMENTO FUNZIONE PUBBLICA;11.500.000,00; 10.286.751,65 € ;31/10/2024
M1C1I2.01.02;Procedure per l'assunzione di profili tecnici;PCM - DIPARTIMENTO FUNZIONE PUBBLICA;9.000.000,00; 8.086.315,75 € ;31/10/2024
M7C1I11.1.00;Misura rafforzata: Potenziamento del parco ferroviario regionale per il trasporto pubblico con treni a zero emissioni e servizio universale;MINISTERO INFRASTRUTTURE E TRASPORTI;1.003.000.000,00; -   € ;31/10/2024
M7C1I12.1.00;Financial Instrument for the development of an international, industrial and R&D leadership in zero-emission buses;MINISTERO INFRASTRUTTURE E TRASPORTI;100.000.000,00; -   € ;31/10/2024
M1C3I1.01.02;Sistema di certificazione dell'identità digitale per i beni culturali;MINISTERO DELLA CULTURA;16.000.000,00; 853.313,55 € ;31/10/2024
M1C1I2.02.05;Amministrazione pubblica orientata ai risultati;PCM - DIPARTIMENTO FUNZIONE PUBBLICA;16.400.000,00; 1.148.433,72 € ;31/10/2024
M1C1I2.03.02;Sviluppo delle capacità nella pianificazione, organizzazione e formazione strategica della forza lavoro;PCM - DIPARTIMENTO FUNZIONE PUBBLICA;350.900.000,00; 25.959,02 € ;31/10/2024
M4C2I2.01.00;IPCEI;MINISTERO IMPRESE E DEL MADE IN ITALY;1.500.000.000,00; 142.428.028,48 € ;31/10/2024
M1C3I4.02.04;Sostegno alla nascita e al consolidamento delle pmi turismo (Sezione speciale “turismo” del Fondo di Garanzia per le PMI);MINISTERO DEL TURISMO;53.000.000,00; 52.731.950,13 € ;31/10/2024
M1C3I4.03.06;Amanotesa;MINISTERO DEL TURISMO;17.249.453,60; 1.777.454,96 € ;31/10/2024
M1C3I4.03.04;Mitingodiverde;MINISTERO DEL TURISMO;55.194.600,60; 32.612,91 € ;31/10/2024
M7C1I10.1.00;"Progetti pilota sulle competenze ""Crescere Green""";MINISTERO DEL LAVORO E POLITICHE SOCIALI;100.000.000,00; -   € ;31/10/2024
M1C2I2.01.00;Innovazione e tecnologia della Microelettronica;MINISTERO DELL'ECONOMIA E DELLE FINANZE;340.000.000,00; 102.655.560,00 € ;31/10/2024
M2C3I2.01.00;Rafforzamento dell'Ecobonus per l'efficienza energetica;MIN AMBIENTE E SICUREZZA ENERGETICA;13.950.000.000,00; 13.950.000.000,00 € ;31/10/2024
M7C1I13.1.00;Linea Adriatica Fase 1 (centrale di compressione di Sulmona e gasdotto Sestino-Minerbio);MIN AMBIENTE E SICUREZZA ENERGETICA;375.000.000,00; -   € ;31/10/2024
M7C1I01.1.00;Misura rafforzata: Rafforzamento smart grid;MIN AMBIENTE E SICUREZZA ENERGETICA;450.000.000,00; -   € ;31/10/2024
M7C1I14.1.00;Infrastruttura transfrontaliera per l'esportazione del gas;MIN AMBIENTE E SICUREZZA ENERGETICA;45.000.000,00; -   € ;31/10/2024
M7C1I02.1.00;Misura rafforzata: Interventi su resilienza climatica delle reti;MIN AMBIENTE E SICUREZZA ENERGETICA;63.200.000,00; -   € ;31/10/2024
M7C1I03.1.00;Misura rafforzata: Produzione di idrogeno in aree industriali dismesse;MIN AMBIENTE E SICUREZZA ENERGETICA;90.000.000,00; -   € ;31/10/2024
M7C1I04.1.00;Tyrrhenian link;MIN AMBIENTE E SICUREZZA ENERGETICA;500.000.000,00; -   € ;31/10/2024
M7C1I05.1.00;SA.CO.I.3;MIN AMBIENTE E SICUREZZA ENERGETICA;200.000.000,00; -   € ;31/10/2024
M7C1I06.1.00;Progetti di interconnessione elettrica transfrontaliera tra Italia e paesi confinanti;MIN AMBIENTE E SICUREZZA ENERGETICA;60.000.000,00; -   € ;31/10/2024
M7C1I07.1.00;Rete di trasmissione intelligente;MIN AMBIENTE E SICUREZZA ENERGETICA;140.000.000,00; -   € ;31/10/2024
M7C1I08.1.00;Approvvigionamento sostenibile, circolare e sicuro delle materie prime critiche;MIN AMBIENTE E SICUREZZA ENERGETICA;50.000.000,00; -   € ;31/10/2024
M1C1I2.02.02;Semplificazione e standardizzazione delle procedure;PCM - DIPARTIMENTO FUNZIONE PUBBLICA;4.000.000,00; -   € ;31/10/2024
M1C2I1.01.01;Credito d'imposta per i beni strumentali 4.0;MINISTERO IMPRESE E DEL MADE IN ITALY;8.867.960.000,00; 8.867.960.000,00 € ;31/10/2024
M1C2I1.01.02;Credito d'imposta (immateriali non 4.0);MINISTERO IMPRESE E DEL MADE IN ITALY;1.913.900.000,00; 1.913.900.000,00 € ;31/10/2024
M1C2I1.01.03;Crediti d'imposta per beni immateriali tradizionali;MINISTERO IMPRESE E DEL MADE IN ITALY;290.800.000,00; 290.800.000,00 € ;31/10/2024
M1C2I1.01.04;Credito d'imposta per R&D&I;MINISTERO IMPRESE E DEL MADE IN ITALY;2.008.340.000,00; 2.008.340.000,00 € ;31/10/2024
M1C2I1.01.05;Credito d’imposta formazione;MINISTERO IMPRESE E DEL MADE IN ITALY;300.000.000,00; 300.000.000,00 € ;31/10/2024
M1C2I7.01.01;Tecnologie a zero emissioni nette;MINISTERO IMPRESE E DEL MADE IN ITALY;2.000.000.000,00; -   € ;31/10/2024
M1C2I7.01.02;Competitività e resilienza delle catene di approvvigionamento strategiche;MINISTERO IMPRESE E DEL MADE IN ITALY;500.000.000,00; -   € ;31/10/2024
M1C2R3.00.00;Razionalizzazione e semplificazione degli incentivi alle imprese;MINISTERO IMPRESE E DEL MADE IN ITALY;10.000.000,00; -   € ;31/10/2024
M1C3I1.01.10;Piattaforma di accesso integrata della Digital Library;MINISTERO DELLA CULTURA;36.000.000,00; -   € ;31/10/2024
M1C3I1.01.11;Piattaforma di co-creazione e crowdsourcing;MINISTERO DELLA CULTURA;10.000.000,00; -   € ;31/10/2024
M1C3I1.01.12;Piattaforma di servizi digitali per sviluppatori e imprese culturali;MINISTERO DELLA CULTURA;45.000.000,00; -   € ;31/10/2024
M1C3I4.02.05;Fondo rotativo imprese (FRI) per il sostegno alle imprese e gli investimenti di sviluppo;MINISTERO DEL TURISMO;180.000.000,00; -   € ;31/10/2024
M2C1I2.03.00;Innovazione e meccanizzazione nel settore agricolo e alimentare;MIN AGRIC. SOVRANITA' ALIM. E FORESTE;500.000.000,00; -   € ;31/10/2024
M2C1I3.04.01;Fondo Rotativo Contratti di Filiera (FCF) per il sostegno dei contratti di filiera dei settori  agroalimentare, pesca e acquacoltura, silvicoltura, floricoltura e vivaismo – non taggato;MIN AGRIC. SOVRANITA' ALIM. E FORESTE;40.000.000,00; -   € ;31/10/2024
M2C1I3.04.02;Fondo Rotativo Contratti di Filiera (FCF) per il sostegno dei contratti di filiera dei settori agroalimentare, pesca e acquacoltura, silvicoltura, floricoltura e vivaismo – PMI;MIN AGRIC. SOVRANITA' ALIM. E FORESTE;1.560.000.000,00; -   € ;31/10/2024
M2C1I3.04.03;Fondo Rotativo Contratti di Filiera (FCF) per il sostegno dei contratti di filiera dei settori agroalimentare, pesca e acquacoltura, silvicoltura, floricoltura e vivaismo - settore solare;MIN AGRIC. SOVRANITA' ALIM. E FORESTE;100.000.000,00; -   € ;31/10/2024
M2C1I3.04.04;Fondo Rotativo Contratti di Filiera (FCF) per il sostegno dei contratti di filiera dei settori agroalimentare, pesca e acquacoltura, silvicoltura, floricoltura e vivaismo – digitalizzazione;MIN AGRIC. SOVRANITA' ALIM. E FORESTE;100.000.000,00; -   € ;31/10/2024
M2C1I3.04.05;Fondo Rotativo Contratti di Filiera (FCF) per il sostegno dei contratti di filiera dei settori agroalimentare, pesca e acquacoltura, silvicoltura, floricoltura e vivaismo - R&D cambiamento climatico;MIN AGRIC. SOVRANITA' ALIM. E FORESTE;200.000.000,00; -   € ;31/10/2024
M2C2I1.01.00;Sviluppo agro-voltaico;MIN AMBIENTE E SICUREZZA ENERGETICA;1.098.992.050,96; -   € ;31/10/2024
M2C2I1.02.00;Promozione rinnovabili per le comunità energetiche e l'autoconsumo;MIN AMBIENTE E SICUREZZA ENERGETICA;2.200.000.000,00; -   € ;31/10/2024
M2C2I1.04.00;Sviluppo del biometano, secondo criteri per promuovere l'economia circolare;MIN AMBIENTE E SICUREZZA ENERGETICA;1.923.400.000,00; -   € ;31/10/2024
M2C2I3.05.01;Ricerca e sviluppo sull'idrogeno (loans);MIN AMBIENTE E SICUREZZA ENERGETICA;160.000.000,00; 25.306.715,93 € ;31/10/2024
M2C2I3.05.02;Ricerca e sviluppo sull'idrogeno (grants);MIN AMBIENTE E SICUREZZA ENERGETICA;140.000.000,00; -   € ;31/10/2024
M2C2I4.03.00;Installazione di infrastrutture di ricarica elettrica;MIN AMBIENTE E SICUREZZA ENERGETICA;741.320.000,00; -   € ;31/10/2024
M2C2I5.01.03;Industria delle batterie;MINISTERO IMPRESE E DEL MADE IN ITALY;500.000.000,00; -   € ;31/10/2024
M2C2I5.01.04;Capacità produttiva delle rinnovabili;MINISTERO IMPRESE E DEL MADE IN ITALY;500.000.000,00; -   € ;31/10/2024
M2C2I5.02.00;Idrogeno;MIN AMBIENTE E SICUREZZA ENERGETICA;450.000.000,00; -   € ;31/10/2024
M2C4I2.01.A1;Misure per la gestione del rischio di alluvione e per la riduzione del rischio idrogeologico;PCM - STRUTTURA COMMISS. RICOSTRUZIONE;334.350.000,00; -   € ;31/10/2024
M2C4I2.01.A2;Misure per la gestione del rischio di alluvione e per la riduzione del rischio idrogeologico - non taggato;PCM - STRUTTURA COMMISS. RICOSTRUZIONE;865.650.000,00; -   € ;31/10/2024
M3C2I2.01.01;LogIN Center;MINISTERO INFRASTRUTTURE E TRASPORTI;30.000.000,00; -   € ;31/10/2024
M3C2I2.01.03;LogIN Business;MINISTERO INFRASTRUTTURE E TRASPORTI;175.000.000,00; -   € ;31/10/2024
M3C2I2.03.00;Elettrificazione delle banchine portuali per la riduzione delle emissioni delle navi nella fase di stazionamento in porto (c.d. cold ironing);MINISTERO INFRASTRUTTURE E TRASPORTI;400.000.000,00; -   € ;31/10/2024
M4C1R2.02.00;Scuola di Alta Formazione e formazione obbligatoria per dirigenti scolastici, docenti e personale tecnico-amministrativo;MINISTERO DELL'ISTRUZIONE E MERITO;34.000.000,00; -   € ;31/10/2024
M4C2I2.04.00;Accordi di innovazione;MINISTERO IMPRESE E DEL MADE IN ITALY;164.000.000,00; -   € ;31/10/2024
M5C2I2.02.01;Piani urbani integrati - Superamento degli insediamenti abusivi per combattere lo sfruttamento dei lavoratori in agricoltura;MINISTERO DEL LAVORO E POLITICHE SOCIALI;200.000.000,00; -   € ;31/10/2024
M7C1I15.1.00;Transizione 5.0;MINISTERO IMPRESE E DEL MADE IN ITALY;6.300.000.000,00; -   € ;31/10/2024
M7C1I16.1.00;Sostegno per l'autoproduzione di energia da fonti rinnovabili nelle PMI;MINISTERO IMPRESE E DEL MADE IN ITALY;320.000.000,00; -   € ;31/10/2024
M7C1I17.1.00;Strumento finanziario per l'efficientamento dell'edilizia pubblica, anche residenziale (ERP), e delle abitazioni di famiglie a basso reddito e vulnerabili;PCM STRUTTURA DI MISSIONE PNRR;1.381.000.000,00; -   € ;31/10/2024
M7C1I09.1.00;Misura rafforzata: Assistenza tecnica e rafforzamento delle capacità per l'attuazione del PNRR;PCM - DIPARTIMENTO FUNZIONE PUBBLICA;750.000,00; -   € ;31/10/2024
